{"doc_id": "0cdd9971-772f-4cda-ba39-33137551909e", "doc_name": "waste-sorter", "doc_version": "ae726ce657b347179aecba5446a5d87e", "format": "tf_js", "version": 36, "inputs": {"Image_1": {"dtype": "float32", "shape": [null, 224, 224, 3], "name": "Image_1:0"}}, "outputs": {"Confidences": {"dtype": "float32", "shape": [null, 7], "name": "sequential_1/dense_2/Softmax:0"}}, "tags": [], "classes": {"Label": ["cardboard", "compost", "glass", "metal", "not trash", "paper", "plastic"]}, "filename": "model.json", "export_model_version": 1}